Feature,Importance
follicle_no_right,0.4008288
total_follicles,0.32432762
follicle_no_left,0.11120106
avg_follicle_size_left_mm,0.04612019
avg_follicle_size_right_mm,0.019124614
rbs_mg_dl,0.017043682
cycle_regularity,0.015010234
amh_ng_ml,0.010773398
lh_miu_ml,0.01022898
lh_fsh_ratio,0.0069589703
progesterone_ng_ml,0.00476469
vit_d3_ng_ml,0.004728431
skin_darkening,0.0034315775
fsh_miu_ml,0.0028363694
age_yrs,0.0026213115
tsh_miu_l,0.0023858137
pulse_rate_bpm,0.001953786
weight_kg,0.0018785998
bmi,0.0018764763
waist_inch,0.0017764847
hemoglobin_g_dl,0.0015425442
weight_gain,0.0015033721
bp_systolic_mmhg,0.0013984945
waist_hip_ratio,0.0012844396
hair_growth,0.0008844173
hair_loss,0.00085753086
endometrium_mm,0.00085250335
bp_diastolic_mmhg,0.000635735
hip_inch,0.00063356804
prl_ng_ml,0.00019320707
marriage_duration_yrs,0.00018973905
blood_group,8.926829e-05
height_cm,6.406491e-05
rr_breaths_per_min,0.0
period_duration_days,0.0
num_abortions,0.0
pregnant,0.0
beta_hcg_2_miu_ml,0.0
beta_hcg_1_miu_ml,0.0
pimples,0.0
fast_food,0.0
regular_exercise,0.0
