age,height_cm,weight_kg,cycle_length_days,insulin_resistance,periods_regular,bleeding_days,skip_periods_months,excess_facial_hair,severe_acne,dark_patches_neck,fast_food_frequent,exercise_regularly,family_history_pcos,LH,FSH,LH_FSH_ratio,thyroid_status,pcos_detected
21,150,92,38,Yes,Yes,4,Yes,Yes,No,Yes,Yes,Yes,Yes,12.84,4.63,2.77,Hyperthyroid,1
24,172,86,55,Yes,No,6,No,Yes,Yes,No,No,No,Yes,15.74,4.51,3.49,Normal,1
20,162,51,43,No,Yes,5,No,Yes,No,Yes,No,No,Yes,2.82,7.93,0.36,Normal,1
27,152,59,27,No,No,6,No,Yes,No,No,Yes,No,Yes,5.08,7.26,0.7,Hyperthyroid,1
25,155,74,45,Yes,Sometimes,5,No,Yes,Yes,Yes,No,No,No,18.44,3.46,5.33,Hyperthyroid,1
28,156,86,52,No,Yes,6,No,Yes,Yes,No,No,No,No,19.96,4.54,4.4,Hyperthyroid,1
33,152,93,24,Yes,Sometimes,3,Yes,No,Yes,No,No,No,No,17.49,9.8,1.78,Normal,0
21,171,79,38,No,Yes,8,No,No,Yes,No,Yes,No,Yes,3.92,6.55,0.6,Hyperthyroid,1
27,170,77,59,Yes,No,4,Yes,Yes,No,No,Yes,Yes,No,16.97,9.15,1.85,Hypothyroid,1
25,151,60,57,Yes,Sometimes,3,No,Yes,Yes,Yes,No,Yes,No,12.92,6.69,1.93,Normal,1
35,174,91,33,No,No,8,No,No,No,Yes,Yes,Yes,Yes,12.59,5.37,2.34,Normal,1
25,150,49,24,Yes,Yes,4,No,Yes,Yes,No,No,Yes,Yes,17.88,8.06,2.22,Hyperthyroid,1
33,157,95,51,Yes,Yes,6,Yes,No,No,No,No,No,Yes,19.71,7.71,2.56,Normal,1
19,162,91,42,Yes,Yes,3,Yes,No,Yes,No,Yes,No,No,18.62,4.75,3.92,Hypothyroid,1
35,153,48,55,Yes,Yes,3,Yes,No,No,No,Yes,No,Yes,2.04,4.15,0.49,Hypothyroid,1
26,175,95,50,No,Sometimes,5,No,Yes,Yes,No,Yes,Yes,Yes,3.03,8.24,0.37,Hyperthyroid,1
33,166,78,31,Yes,Yes,3,Yes,Yes,Yes,No,Yes,Yes,Yes,9.55,7.34,1.3,Hyperthyroid,1
34,160,61,34,No,Yes,8,No,No,Yes,No,No,No,Yes,13.18,3.07,4.29,Hyperthyroid,1
21,152,79,34,No,Yes,7,No,Yes,Yes,No,No,Yes,No,14.66,8.84,1.66,Hyperthyroid,0
34,150,87,56,Yes,Yes,5,No,Yes,Yes,Yes,No,No,Yes,5.66,8.02,0.71,Hyperthyroid,1
26,166,76,37,Yes,Sometimes,3,No,No,Yes,Yes,No,Yes,No,9.95,4.13,2.41,Hyperthyroid,1
31,167,45,28,Yes,Sometimes,3,Yes,No,Yes,No,Yes,Yes,No,18.8,5.55,3.39,Normal,1
29,156,88,36,Yes,No,8,No,Yes,Yes,Yes,Yes,No,Yes,18.64,4.26,4.38,Hypothyroid,1
25,158,55,27,Yes,No,6,Yes,Yes,No,No,No,Yes,Yes,5.48,3.17,1.73,Hypothyroid,1
26,152,94,38,No,Sometimes,5,No,Yes,Yes,No,Yes,No,Yes,9.82,3.76,2.61,Hyperthyroid,1
28,163,83,53,No,Sometimes,3,Yes,No,Yes,No,Yes,Yes,No,19.08,6.02,3.17,Hypothyroid,1
28,171,52,40,No,Sometimes,7,No,No,No,No,Yes,Yes,No,8.82,7.65,1.15,Hyperthyroid,0
23,169,81,40,Yes,No,6,No,Yes,No,No,No,No,No,11.2,7.73,1.45,Hyperthyroid,1
23,171,50,39,No,Yes,7,Yes,No,Yes,Yes,Yes,Yes,Yes,10.55,4.71,2.24,Normal,1
32,163,85,57,No,No,4,No,Yes,Yes,Yes,Yes,No,Yes,19.24,4.23,4.55,Hyperthyroid,1
32,151,80,36,No,Yes,3,No,No,No,No,No,Yes,No,15.53,6.15,2.53,Hyperthyroid,1
26,174,94,54,Yes,No,6,No,Yes,No,Yes,No,No,No,3.45,9.25,0.37,Normal,1
25,162,89,30,Yes,Yes,8,No,No,No,No,No,Yes,Yes,9.01,8.83,1.02,Hyperthyroid,0
18,174,81,45,Yes,No,6,No,No,No,Yes,No,Yes,No,2.52,6.05,0.42,Hypothyroid,1
30,173,55,50,Yes,No,4,Yes,Yes,No,Yes,No,Yes,Yes,7.89,4.82,1.64,Hypothyroid,1
28,160,93,45,No,No,5,Yes,No,Yes,Yes,No,Yes,Yes,13.73,8.47,1.62,Normal,1
25,156,46,60,Yes,Yes,4,No,Yes,Yes,No,No,No,Yes,19.35,7.24,2.67,Hyperthyroid,1
21,174,55,40,Yes,No,3,No,No,Yes,Yes,Yes,Yes,No,12.81,8.95,1.43,Normal,1
19,161,79,48,No,Yes,8,No,Yes,No,No,Yes,No,No,16.92,7.45,2.27,Hyperthyroid,1
22,163,56,54,No,Sometimes,8,No,No,No,No,No,Yes,Yes,10.11,4.95,2.04,Hypothyroid,1
30,160,46,52,Yes,No,5,Yes,No,No,No,No,No,Yes,5.44,6.62,0.82,Normal,1
31,165,80,36,No,Sometimes,8,No,No,Yes,Yes,No,Yes,No,7.51,7.84,0.96,Hyperthyroid,1
29,165,80,54,No,Sometimes,5,No,No,No,No,No,No,Yes,5.47,3.84,1.42,Normal,0
35,174,89,32,Yes,Sometimes,4,No,No,No,Yes,Yes,No,Yes,7.44,5.53,1.35,Hyperthyroid,1
35,154,62,23,No,Sometimes,3,Yes,No,Yes,Yes,No,No,No,5.32,6.08,0.88,Normal,0
26,165,52,25,No,Yes,6,Yes,Yes,Yes,No,Yes,Yes,Yes,9.49,6.91,1.37,Hyperthyroid,1
25,174,78,45,No,No,6,No,No,Yes,Yes,Yes,Yes,No,4.83,7.62,0.63,Normal,1
35,152,55,21,No,Sometimes,6,No,No,Yes,Yes,No,No,No,6.2,3.5,1.77,Hypothyroid,0
24,163,52,55,Yes,No,4,Yes,Yes,Yes,Yes,No,No,No,14.4,3.87,3.72,Hyperthyroid,1
30,158,77,55,No,Yes,6,Yes,No,No,No,Yes,Yes,Yes,17.05,9.73,1.75,Hyperthyroid,1
18,174,88,38,Yes,Yes,7,No,No,No,Yes,No,No,Yes,9.35,6.29,1.49,Hypothyroid,1
21,155,66,47,No,No,8,No,Yes,No,Yes,No,No,No,15.91,3.81,4.18,Hyperthyroid,1
18,171,79,50,Yes,Yes,6,No,No,No,Yes,Yes,No,Yes,9.89,9.49,1.04,Hyperthyroid,1
33,153,46,59,Yes,No,4,Yes,No,Yes,Yes,Yes,No,Yes,4.77,7.53,0.63,Hyperthyroid,1
27,166,90,38,No,No,6,Yes,No,Yes,No,Yes,Yes,Yes,16.22,4.93,3.29,Hypothyroid,1
28,175,77,38,No,Sometimes,3,No,No,Yes,No,No,No,No,11.78,6.86,1.72,Hypothyroid,1
28,156,89,36,No,Yes,7,No,Yes,No,No,No,No,Yes,2.67,6.47,0.41,Hyperthyroid,1
28,153,73,27,No,Yes,7,Yes,No,Yes,Yes,No,No,No,9.15,7.36,1.24,Normal,0
28,171,79,45,No,Sometimes,5,Yes,Yes,Yes,No,Yes,Yes,No,15.69,9.85,1.59,Hyperthyroid,1
21,164,55,40,Yes,No,3,Yes,No,No,No,No,Yes,Yes,12.19,6.72,1.81,Normal,1
23,155,50,60,Yes,No,6,Yes,Yes,No,No,No,No,Yes,10.37,9.29,1.12,Hypothyroid,1
35,155,49,49,No,Sometimes,5,No,No,No,No,Yes,No,No,8.86,3.75,2.36,Hypothyroid,1
27,172,63,22,No,No,8,Yes,Yes,No,No,Yes,No,Yes,13.18,7.46,1.77,Hyperthyroid,1
22,170,51,23,No,Yes,5,No,Yes,Yes,No,No,No,Yes,16.16,4.41,3.66,Hypothyroid,1
34,166,62,31,No,No,5,No,Yes,No,Yes,Yes,Yes,No,16.48,9.77,1.69,Hypothyroid,1
20,175,70,21,Yes,No,5,No,No,No,No,Yes,Yes,No,17.92,3.18,5.64,Hyperthyroid,1
28,169,59,25,No,Sometimes,8,No,No,Yes,Yes,Yes,Yes,No,4.09,9.97,0.41,Normal,0
35,154,69,50,No,Sometimes,5,Yes,No,Yes,No,No,No,Yes,5.91,7.83,0.75,Hypothyroid,1
25,161,51,44,No,Yes,7,No,No,Yes,Yes,No,Yes,Yes,12.75,7.49,1.7,Normal,1
19,175,66,36,Yes,Yes,4,Yes,Yes,Yes,No,Yes,Yes,No,4.6,9.01,0.51,Normal,1
35,158,56,28,Yes,Yes,8,Yes,No,Yes,No,Yes,Yes,No,15.35,3.37,4.55,Hyperthyroid,1
21,173,49,51,No,Sometimes,6,Yes,No,Yes,Yes,No,No,Yes,10.62,3.43,3.1,Hypothyroid,1
31,171,51,52,No,Yes,8,Yes,No,Yes,Yes,Yes,No,No,12.75,5.67,2.25,Hypothyroid,1
32,166,83,48,Yes,Sometimes,3,Yes,No,No,Yes,No,No,No,15.13,5.79,2.61,Hypothyroid,1
31,160,87,37,Yes,Sometimes,5,No,Yes,Yes,Yes,Yes,No,Yes,8.71,8.21,1.06,Normal,1
35,151,82,56,No,Sometimes,7,Yes,No,No,No,Yes,No,No,12.4,5.46,2.27,Normal,1
22,171,75,35,No,Sometimes,3,No,Yes,No,Yes,No,Yes,No,6.92,3.2,2.16,Hypothyroid,1
28,161,45,32,No,Yes,4,Yes,Yes,Yes,Yes,No,No,No,8.66,5.39,1.61,Hyperthyroid,1
28,174,81,59,Yes,Yes,3,Yes,Yes,Yes,No,No,No,No,9.46,7.25,1.3,Normal,1
34,153,67,48,No,Sometimes,3,No,No,Yes,Yes,No,Yes,Yes,19.02,4.43,4.29,Normal,1
